prediction,probability
0,0.01914
1,0.964566
0,0.07552
1,0.820458
0,0.095079
0,0.14404
0,0.007438
0,0.013662
0,0.014231
0,0.020086
0,0.018804
0,0.043314
0,0.047536
0,0.002772
0,0.019011
0,0.257832
0,0.010591
0,0.76389
0,0.291743
0,0.115327
0,0.110672
0,0.01899
0,0.022135
0,0.00911
0,0.150947
0,0.249521
0,0.156083
1,0.955741
0,0.22309
0,0.004252
0,0.023018
0,0.198708
0,0.000849
1,0.96216
0,0.167056
1,0.999923
0,0.001372
0,0.297862
0,0.075334
1,0.926259
0,0.034085
0,0.007771
0,0.010206
0,0.024567
0,0.000833
0,0.226791
0,0.046589
0,0.017666
0,0.008869
0,0.018706
0,0.03401
0,0.021609
0,0.181512
0,0.243849
0,0.001701
0,0.001119
0,0.011217
0,0.041762
0,0.018439
0,0.015128
0,0.041167
1,0.999188
0,0.005709
0,0.002918
1,0.99488
0,0.009844
0,0.015214
0,0.00031
0,0.102945
0,0.210879
0,0.703856
0,0.020497
0,0.032261
0,0.026297
0,0.002428
0,0.096812
0,0.005714
0,0.323383
0,0.000708
0,0.106676
0,0.038795
0,0.000458
0,0.166294
0,0.036448
0,0.025079
0,0.021487
0,0.054994
0,0.036998
0,0.008692
0,0.003094
0,0.179963
0,0.088476
0,0.203946
0,0.252254
0,0.166029
0,0.112147
0,0.129559
1,0.983462
0,0.335024
0,0.41212
0,0.082471
0,0.044856
1,0.83747
0,0.001499
0,0.052185
0,0.036647
0,0.015682
0,0.175209
0,0.00233
1,0.998573
0,0.017307
1,0.999856
0,0.028784
0,0.000667
0,0.154657
0,7.6e-05
1,0.97787
0,0.129312
0,0.002734
0,0.263361
0,0.000155
0,0.094164
0,0.049006
1,0.997843
0,0.02631
0,0.139107
0,0.003295
1,0.995294
0,0.025989
0,0.045961
1,0.911736
0,0.096601
0,0.057241
0,0.262126
0,0.113467
0,0.000601
0,0.136295
1,0.977708
0,0.062508
0,0.010386
0,0.037329
0,0.00431
0,0.123262
0,0.000125
0,0.034303
0,0.065622
0,0.000513
0,0.001822
0,0.063431
1,0.998712
0,8.3e-05
0,0.000752
0,0.025007
0,0.048427
1,0.996413
0,0.005251
0,0.028784
0,0.155328
1,0.998915
0,0.001209
0,0.190086
1,0.998829
0,0.015109
0,0.120947
0,0.012473
0,0.00291
0,0.110238
0,0.012409
0,0.016938
0,0.000227
0,0.055924
0,0.010831
0,0.002467
0,0.12988
0,0.027906
0,0.136723
0,0.165406
0,0.035269
0,0.020904
0,0.07766
0,0.023662
0,0.002222
1,0.999854
0,0.029256
0,0.205463
0,0.157826
0,0.186613
0,0.118873
0,0.001458
0,0.001688
0,0.277458
0,0.297665
0,0.780788
1,0.949676
0,0.178989
0,0.012638
0,0.046654
0,0.395384
0,0.00382
0,0.018158
0,0.356152
0,0.00604
0,0.001348
0,0.015238
0,0.006193
0,0.141023
1,0.999928
0,0.118962
0,0.00066
0,0.012916
0,0.018291
0,0.287647
0,0.001384
0,0.019525
0,0.026924
0,0.005053
0,0.005874
0,0.079152
0,0.000414
0,0.08139
0,0.111434
0,0.015365
0,0.057714
0,0.254649
0,0.006067
0,0.000382
1,0.989562
0,0.148484
0,0.122618
0,0.002893
0,0.001347
0,0.25676
0,0.011398
0,0.190335
0,0.031452
1,0.999384
0,0.065392
0,0.049178
0,0.010468
0,0.034821
0,0.054989
0,0.009122
0,0.267465
0,0.010114
0,0.264093
0,0.106384
0,0.010334
0,0.485384
0,0.136928
0,0.111966
0,0.015476
0,0.050713
0,0.696829
0,0.134664
0,0.001735
0,0.015421
0,0.011608
0,0.382364
0,0.063323
0,0.000817
0,0.099416
0,0.119565
0,0.446254
0,0.069831
0,0.001075
0,0.034848
0,0.029743
0,0.249886
0,0.111713
1,0.99972
0,0.002205
0,0.052375
0,0.09439
0,0.043009
0,0.050426
0,0.05289
0,0.406116
0,0.006751
1,0.999742
0,0.033638
1,0.999447
1,0.997767
0,0.162431
0,0.333957
1,0.986716
0,0.250657
0,0.020171
0,0.04567
0,0.17696
0,0.321732
0,0.000805
0,0.035211
0,0.383577
0,0.066201
0,0.017553
0,0.188141
0,0.034001
0,0.065892
0,0.003505
0,0.022127
1,0.998163
0,0.038101
1,0.928542
0,0.063975
0,0.023518
0,0.007294
0,0.000483
0,0.000244
1,0.999827
0,0.140983
0,0.133128
0,0.000615
0,0.009333
0,0.02171
0,0.003427
0,0.006607
0,0.143232
1,0.999596
0,0.010399
0,0.067707
0,0.000266
0,0.420851
0,0.180996
0,0.292643
0,0.017857
0,0.011497
0,0.083998
0,0.255991
0,0.010374
0,0.033199
0,0.084401
0,0.038034
0,0.190614
1,0.99655
0,0.067221
0,0.000944
0,0.126382
1,0.900216
0,0.017391
0,0.021849
1,0.996373
0,0.151707
0,0.204667
0,0.021561
0,0.043796
0,0.195413
0,0.00282
0,0.003565
0,0.02884
0,0.019327
0,0.046562
0,0.015895
0,0.056767
0,0.00076
0,0.166659
0,0.2399
0,0.001831
0,0.067104
0,0.270207
0,0.122508
1,0.946204
1,0.98525
0,0.03007
0,0.000629
0,0.014305
0,0.033815
0,0.025207
0,0.021531
0,0.088951
0,0.037288
0,0.067015
0,0.071743
0,0.04958
0,0.00879
0,0.001211
0,0.512695
0,0.348203
0,0.159201
0,0.092545
0,0.068428
0,0.047085
0,0.002679
0,0.044853
0,0.156056
0,0.0169
0,0.040732
0,0.009965
0,0.028488
0,0.019079
0,0.045637
0,0.010745
0,0.14564
0,0.017013
0,0.001296
0,0.072519
1,0.88675
0,0.110454
0,0.182147
0,0.002772
0,0.045941
0,0.451198
1,0.990747
0,0.005323
0,0.243431
0,0.121997
0,0.145818
0,0.005162
0,0.183601
0,0.053199
0,0.042924
0,0.060913
0,0.093836
0,0.078191
0,0.000219
0,0.004766
0,0.063976
0,0.052952
0,0.046534
1,0.998606
0,0.023881
0,0.000866
0,0.027089
0,0.042339
0,0.17897
0,0.032459
0,0.032225
0,0.171072
0,0.004309
0,0.14767
0,0.041125
1,0.999268
0,0.008029
0,0.157053
0,0.005009
0,0.054696
0,0.026172
0,0.084445
0,0.012202
0,0.001656
0,0.000558
0,0.028272
0,0.006065
0,0.287727
0,0.300343
0,0.603602
0,0.002359
0,0.069712
0,0.048044
0,0.022511
0,0.033081
0,0.00818
0,0.131609
1,0.998022
0,0.030302
1,0.999539
0,0.040548
0,0.002907
0,0.061879
0,0.214374
0,0.000126
0,0.012862
0,0.038441
0,0.014123
0,0.166611
0,0.000912
0,0.063125
0,0.049511
0,0.310446
0,0.021857
0,0.144624
0,0.105786
0,0.006125
0,0.008163
0,0.000609
0,0.031999
0,0.112266
0,0.003792
0,0.028097
0,0.038133
0,0.175288
0,0.025238
0,0.177174
0,0.025988
0,0.028607
0,0.023551
0,0.024691
0,0.032564
0,0.132996
0,0.043438
0,0.061171
0,0.081275
0,0.025182
0,0.03825
0,0.222972
0,0.046923
0,0.06052
0,0.021864
0,0.077527
0,0.114315
0,0.03857
0,0.010775
0,0.054034
0,0.112856
0,0.059107
0,0.146624
1,0.99978
0,0.024481
0,0.144599
0,0.009375
0,0.161468
0,0.021773
0,0.033337
1,0.99971
1,0.958803
0,0.078959
0,0.018111
0,0.021321
0,0.029705
0,0.040494
0,0.000663
0,0.026924
0,0.021873
0,0.000844
0,0.260975
0,0.113743
0,0.028095
0,0.001675
0,0.004685
0,0.084535
0,0.061881
0,0.002836
0,0.018743
0,0.009843
0,0.141682
0,0.087484
0,0.013884
0,0.001296
0,0.027507
1,0.999007
0,0.018678
0,0.000384
0,0.002627
0,0.030426
0,0.111027
0,0.161577
0,0.001528
0,0.052377
0,0.008731
1,0.96225
0,0.044539
0,0.040075
0,0.016657
0,0.249541
0,0.032788
0,0.066533
0,0.17224
0,0.349911
0,0.237524
0,0.070102
0,0.102496
0,0.061318
0,0.000318
0,8.4e-05
0,0.106352
0,0.000584
0,0.718321
0,0.015577
0,0.033026
0,0.002567
0,0.000574
0,0.071456
0,0.000975
0,0.025105
0,0.209062
0,0.003731
0,0.025012
0,0.114006
0,0.228011
0,0.013197
0,0.297183
0,0.104383
0,0.158711
0,0.184866
0,0.474979
0,0.038136
0,0.050096
0,0.017624
0,0.155313
0,0.131208
0,0.006919
0,0.001652
0,0.007292
0,0.000685
0,0.175399
0,0.008458
0,0.12237
0,0.07025
0,0.272897
0,0.138659
0,0.049916
1,0.995228
1,0.9956
0,0.030276
0,0.003027
0,0.009571
0,0.109185
0,0.003609
0,0.040454
0,0.000648
0,0.045701
0,0.229658
0,0.003211
0,0.064402
1,0.936743
0,0.211794
0,0.000622
0,0.100501
0,0.030902
0,0.197724
0,0.057003
0,0.00084
0,0.005046
0,0.272164
1,0.997545
0,0.012755
0,0.044214
0,0.000583
0,0.049073
0,0.083596
0,0.027613
0,0.054007
0,0.010314
0,0.026058
0,0.225383
1,0.999569
0,0.002769
0,0.000469
0,0.001029
0,0.03042
0,0.205127
0,0.064987
0,0.002863
0,3.3e-05
0,0.159423
0,0.172838
0,0.044788
1,0.993305
0,0.034632
0,0.005051
0,0.047604
0,0.097319
0,0.042421
0,0.027587
0,0.031535
0,0.015396
0,0.011904
0,0.003345
0,0.026668
0,0.004956
0,0.022904
0,0.016617
0,0.07788
0,0.15674
0,0.036505
0,0.090497
0,0.092215
0,0.026483
0,0.035855
0,0.002497
0,0.082008
0,0.30218
0,0.333481
0,0.017536
0,0.004085
0,0.006006
0,0.010706
0,0.054195
1,0.999768
0,0.032212
0,0.002119
0,0.034439
0,0.002627
0,0.138742
0,0.033166
0,0.007792
0,0.005129
0,0.189997
0,0.061894
0,0.208493
0,0.034841
0,0.484084
1,0.959215
0,0.124511
0,0.035306
0,0.110834
0,0.005004
0,0.004447
1,0.999447
0,0.146183
0,0.121434
0,0.335507
0,0.088126
0,0.025512
1,0.97849
0,0.22665
0,0.020319
1,0.999892
0,0.015621
0,0.004371
0,0.020284
0,0.132565
0,0.011012
0,0.164371
0,0.024506
0,0.00777
0,0.01245
0,0.099804
0,0.011369
0,0.027655
0,0.03809
0,0.019849
0,0.130386
0,0.058352
0,0.062393
0,0.115828
0,0.147997
0,0.251005
0,0.003324
0,0.205569
0,0.003454
0,0.108225
0,0.003494
0,0.149787
1,0.99481
0,0.011048
0,0.173164
0,0.14235
0,0.23105
0,0.015639
0,0.168463
0,0.177267
0,0.018691
0,0.131706
0,0.10813
0,0.135106
0,0.01836
0,0.217564
0,0.010271
0,0.058616
0,0.002901
0,0.003555
0,0.163196
0,0.049564
0,0.030273
0,0.008544
0,0.038606
0,0.418725
0,0.15744
0,0.193526
0,0.02549
0,0.17241
0,0.219407
0,0.037614
0,0.134774
0,0.283142
0,0.10414
0,0.016454
0,0.00425
1,0.999919
0,0.009168
0,0.263377
0,0.007456
0,0.359151
0,0.026182
1,0.99778
0,0.081467
0,0.126474
0,0.133231
0,0.020381
0,0.437843
0,0.082203
0,0.123545
0,0.008809
0,0.030627
0,0.001114
0,0.042621
0,0.034522
0,0.072361
0,0.028896
0,0.148256
0,0.001308
0,0.015585
0,0.039552
0,0.118781
0,0.021154
0,0.00059
0,0.081094
0,0.009569
1,0.97378
0,0.235835
0,0.12823
0,0.21219
0,0.205997
0,0.174835
0,0.03299
0,0.000915
0,0.049994
0,0.102019
0,0.144647
0,0.019724
0,0.305761
0,0.006588
0,0.015826
0,0.298984
1,0.908734
0,0.157498
0,0.077009
0,0.056965
0,0.108198
0,0.09342
1,0.997904
1,0.999926
1,0.999582
0,0.001224
0,0.727131
0,0.075496
0,0.012301
0,0.004171
0,0.426614
0,0.043875
0,0.001983
0,0.196072
1,0.999807
0,0.040252
0,0.129792
0,0.034006
0,0.004462
0,0.00171
0,0.222815
0,0.011982
0,0.048503
0,0.058666
0,0.033513
0,0.217037
0,0.002236
0,0.043683
0,0.554166
0,0.036802
0,0.008239
0,0.016491
0,0.060473
0,0.018743
0,0.264168
0,0.076003
0,0.022563
0,0.131807
0,0.001057
0,0.293131
0,0.006206
0,0.032468
0,0.017516
0,0.234334
0,0.173228
0,0.114953
0,0.017152
0,0.055586
0,0.032675
0,0.050795
0,0.032601
0,0.029592
0,0.323111
0,0.141685
0,0.148358
0,0.031518
0,0.168886
0,0.015399
0,0.019924
0,0.006996
0,0.17303
0,0.081669
0,0.029056
0,0.042313
0,0.05217
0,0.043799
0,0.380565
1,0.999736
0,0.224648
0,0.001687
0,0.02971
0,0.061791
0,0.000317
0,0.202401
0,0.002548
0,0.04212
0,0.002406
1,0.999694
0,0.080165
0,0.136105
0,0.00161
1,0.982793
0,0.000309
0,0.002625
0,0.000658
1,0.999861
0,0.010036
0,0.072035
0,0.139865
0,0.099602
0,0.046842
0,0.035548
0,0.081595
0,0.011993
0,0.017227
0,0.001429
0,0.014324
0,0.012656
0,0.004936
0,0.000576
0,0.009382
0,0.006541
0,0.002998
0,0.017643
0,0.000112
0,0.023289
0,0.315998
0,0.070985
0,0.00457
0,0.010672
1,0.998901
0,0.107018
0,0.141475
0,0.00756
0,0.159772
1,0.998921
0,0.206961
0,0.023532
0,0.061535
0,5e-06
1,0.999786
1,0.99931
0,0.075873
0,0.035961
0,0.081792
0,0.046242
0,0.348266
0,0.024237
0,0.030276
0,0.189324
0,0.000207
0,0.30101
0,0.019242
0,0.129215
0,0.00126
0,0.046254
0,0.058513
0,0.058767
0,0.012169
0,0.085467
0,0.484729
0,0.183808
0,0.027643
0,0.619229
0,0.003019
0,0.011028
0,0.004285
0,0.020193
0,0.044263
0,0.00351
0,0.003903
0,0.082102
0,0.052402
0,0.153167
0,0.247513
0,0.033211
0,0.041241
0,0.057012
0,0.038229
0,0.014239
1,0.999931
0,0.135636
0,0.000511
0,0.018653
0,0.015972
1,0.998162
0,0.455387
0,0.225577
0,0.016147
0,0.010464
0,0.128342
0,4e-06
0,0.0153
1,0.968835
0,0.521617
0,0.144591
0,0.031258
0,0.270002
0,0.022404
0,0.000149
0,0.121592
0,0.18822
0,0.169325
0,0.016485
0,0.00533
0,0.35026
0,0.000992
0,0.000239
0,0.008424
0,0.251723
0,0.260948
0,0.018963
0,0.010531
0,0.023374
0,0.013671
0,0.048468
0,0.027981
0,0.015964
0,0.010999
0,0.022915
0,0.038455
0,0.095819
0,0.01079
0,0.02291
0,0.028017
0,0.033599
0,0.03106
0,0.020635
0,0.183189
0,0.001771
0,0.016362
0,0.065333
0,0.021365
0,0.013785
0,0.175068
0,0.000946
0,0.000846
1,0.999239
0,0.190699
0,0.13922
0,0.000675
0,0.228748
0,0.001252
0,0.138544
0,0.126858
0,0.002754
1,0.999192
0,0.015494
0,0.04261
0,0.132076
0,0.615
0,0.157731
1,0.995963
0,0.033243
0,0.031839
0,0.007253
0,0.046415
0,0.007724
0,0.14462
0,0.008625
0,0.069897
0,0.027931
0,0.271876
0,0.006589
0,0.032473
1,0.998991
0,0.041085
0,0.001806
0,0.148599
0,0.023066
0,0.225756
0,0.018086
0,0.498311
0,0.114883
0,0.107736
1,0.997959
0,0.00106
0,0.021057
0,0.034933
0,0.055578
0,0.130718
0,0.121846
0,0.055832
0,0.440603
1,0.99894
0,0.042875
0,0.101314
0,0.140931
0,0.072835
0,0.112702
0,0.0034
0,0.002737
0,0.007699
0,0.00875
0,0.195249
1,0.945218
0,0.061093
0,0.004018
0,0.30269
0,0.070429
0,0.0234
0,0.154665
0,0.000304
0,0.029236
0,0.025369
0,0.061749
0,0.031441
0,0.254905
0,0.029696
0,0.000366
0,0.117645
0,0.002473
0,0.316608
1,0.99939
0,0.00731
0,0.019558
0,0.001099
0,0.298799
0,0.07572
0,0.067104
0,0.210783
0,3.9e-05
0,0.116405
0,0.072658
0,0.032309
0,0.004195
1,0.954171
0,0.000513
0,0.003714
0,0.047352
1,0.920841
0,0.058578
0,0.001001
0,0.138021
0,0.056107
0,0.010137
0,0.039969
0,0.011229
0,0.004673
0,0.004223
0,0.233549
0,0.040378
0,0.038388
0,0.108894
0,0.030742
0,0.00065
0,0.000654
0,0.004587
0,0.08667
0,0.054463
0,0.055357
0,0.275777
0,0.004737
0,0.069143
0,0.12583
0,0.019648
0,0.009091
0,0.005297
1,0.882457
0,0.160362
0,0.046069
0,0.082589
0,0.057322
0,0.053797
0,0.173862
0,0.0513
0,0.000201
0,0.032812
0,0.010883
0,0.242229
1,0.90283
0,0.257252
0,0.146904
0,0.076978
0,0.022041
0,0.008314
0,0.00299
0,0.071638
0,0.229511
0,0.017599
0,0.12646
0,0.025046
0,0.00131
0,0.011458
0,0.04426
0,0.079527
0,0.001009
0,0.001605
0,0.039995
0,0.001275
0,0.001233
0,0.068164
0,0.013698
0,0.012756
0,0.097006
0,0.063471
0,0.001119
0,0.045448
0,0.18179
1,0.99942
0,0.023326
0,0.037423
0,0.015174
0,0.047161
0,0.095133
0,0.18627
0,0.024623
0,0.112968
0,0.075837
0,0.001511
0,0.014353
0,0.009677
0,0.485376
0,0.000909
0,0.204831
0,0.026955
0,0.10034
0,0.139924
1,0.999642
0,0.009592
0,0.018679
0,0.012712
0,0.002379
0,0.014713
0,0.022835
0,0.019703
0,0.001532
0,0.093199
0,0.148398
0,0.002929
0,0.099359
1,0.978082
0,0.057319
0,0.000628
0,0.13747
0,0.222369
0,0.225563
0,0.082462
0,0.075565
0,0.060754
0,0.054317
0,0.001912
0,0.172112
0,0.025968
0,0.011453
0,0.143684
0,0.003259
0,0.001809
0,0.429161
0,0.162452
0,0.025063
0,0.014552
0,0.072649
0,0.590621
0,0.002231
0,0.075607
0,0.056756
0,0.008738
0,0.101206
0,0.136449
0,0.005013
0,0.05826
0,0.06261
0,0.196556
0,0.002987
0,0.195772
0,0.081044
0,0.037977
0,0.002578
0,0.203342
0,0.000471
0,0.009271
0,0.045099
0,0.199512
0,0.141066
0,0.007037
0,0.0928
0,0.016713
0,0.050445
0,0.76366
1,0.998953
1,0.999961
0,0.006606
0,0.120679
0,0.110798
0,0.004963
0,0.303988
0,0.035634
0,0.045533
0,0.176335
0,0.142357
0,0.031856
1,0.999217
0,0.418386
0,0.150389
0,0.083327
0,0.009862
0,0.38401
0,0.354263
0,0.032982
0,0.023474
0,0.123289
0,0.054567
0,0.023989
0,0.002012
0,0.000656
0,0.199101
0,0.067229
0,0.157085
0,0.007693
0,0.07209
0,0.012337
1,0.999222
0,0.030639
1,0.999846
0,0.004522
0,0.000417
0,0.034805
0,0.125239
0,0.012459
0,0.05955
0,0.021108
0,0.017573
0,0.022944
0,0.012282
0,0.081766
0,0.001901
0,0.007751
0,0.12945
0,0.120638
0,0.03357
0,0.026134
0,0.004208
0,0.128084
0,0.099768
0,0.025213
0,0.054246
0,0.03279
0,0.285523
0,0.018179
1,0.997544
0,0.035055
0,0.161051
0,0.091861
0,0.060553
0,0.040802
0,0.000127
0,0.016027
0,0.088327
0,0.031169
0,0.003202
0,0.006098
0,0.378961
0,0.026809
1,0.887926
0,0.10722
0,0.032446
0,0.093969
0,0.01424
1,0.999561
0,0.00936
0,0.000442
0,0.131517
0,0.032724
0,0.0459
0,0.033541
1,0.997417
0,0.027636
0,0.311803
0,0.010039
0,0.010692
0,0.077936
0,0.065918
0,0.001377
0,0.000781
0,0.004173
0,0.073732
0,0.029491
0,0.022673
1,0.927225
0,0.01407
0,0.01791
0,0.003337
0,0.039172
0,0.009964
0,0.171663
0,0.007971
0,0.241874
0,0.032621
0,0.050062
0,0.00477
0,0.103044
0,0.062307
1,0.893718
0,0.29452
0,0.001952
0,0.236362
0,0.3777
0,0.249879
0,0.33589
0,0.027283
0,0.011502
0,0.004964
0,0.040613
0,0.002406
0,0.008429
0,0.002998
1,0.950407
0,0.140117
0,0.006072
0,0.070898
0,0.023962
0,0.009418
1,0.99957
0,0.098082
0,0.051909
0,0.007555
0,0.094863
1,0.999138
0,0.006279
0,0.054464
0,0.70181
1,0.997527
0,0.02459
0,0.052612
0,0.013164
0,0.022066
0,0.205639
0,0.067687
0,0.001938
0,0.643137
0,0.010549
0,0.133017
0,0.006118
0,0.00393
0,0.112708
0,0.187718
0,0.723843
0,0.170713
0,0.000786
0,0.138757
1,0.999838
1,0.967323
0,0.004232
0,0.111843
0,0.013221
0,0.043952
0,0.053436
0,0.000173
0,0.045053
0,0.006297
0,0.003731
1,0.998077
1,0.999378
0,0.053117
0,0.016995
0,0.018677
0,0.014005
0,0.146989
0,0.004961
0,0.167985
0,0.156379
1,0.97708
0,0.005734
1,0.999894
0,0.14684
0,0.020798
0,0.007723
0,0.321618
0,0.00563
0,0.007945
0,0.005624
0,0.024382
0,0.148547
0,0.019287
0,0.062651
0,0.180366
0,0.201205
0,0.114728
1,0.995516
0,0.067096
0,0.06885
0,0.03736
0,0.115819
0,0.027312
0,0.261063
0,0.005426
0,0.011727
0,0.003124
1,0.999066
0,0.018005
0,0.002264
0,0.009896
0,0.010871
1,0.875838
0,0.056153
0,0.001087
0,0.002156
0,0.400936
0,0.002537
0,0.038132
0,0.026884
0,0.000462
0,0.033424
0,0.268098
0,0.000778
0,1.6e-05
0,0.208072
0,0.045247
0,0.151148
0,0.040712
0,0.00255
0,0.038845
0,0.002352
0,0.0027
0,0.155863
0,0.139646
0,0.189804
1,0.999886
0,0.135902
0,0.000176
0,0.06029
0,0.005746
0,0.279617
1,0.991932
0,0.152151
1,0.997199
0,0.009423
0,0.039635
0,0.002337
0,0.006201
0,0.020018
0,0.002416
0,0.018117
0,0.034851
0,0.11888
0,0.07029
0,0.000635
0,0.051406
0,0.048292
0,0.069229
0,0.013188
0,0.224965
0,0.00614
0,0.017394
0,0.026177
0,0.355178
0,0.037351
0,0.057206
0,0.357283
0,0.540858
0,0.00617
0,0.485643
1,0.988771
0,0.005266
0,0.136377
1,0.875307
0,0.335075
0,0.004052
0,0.107338
0,0.004904
0,0.003366
0,0.02042
0,0.023617
0,0.019396
0,0.00726
0,0.011453
0,0.013033
0,0.000725
0,0.154802
0,0.009912
0,0.488273
0,0.186292
0,0.020969
0,0.031299
0,0.004485
1,0.999711
0,0.136034
1,0.821294
0,0.125747
1,0.99968
0,0.375005
0,0.0
0,0.007607
0,0.11698
0,0.006552
0,0.254691
0,0.011093
0,0.004009
0,0.146387
0,0.197444
0,0.14637
0,0.000664
0,0.013775
0,0.091215
0,0.030862
0,0.015121
0,0.002748
0,0.027482
0,0.099255
0,0.002562
0,0.014882
0,0.000531
0,0.00637
0,0.205591
0,0.021879
0,0.058666
0,0.024387
1,0.999878
0,0.00782
0,0.337908
1,0.829023
0,0.0012
0,0.007066
0,0.172675
0,0.204558
0,0.143951
0,0.148162
0,0.14698
1,0.80482
0,0.002459
0,0.127224
0,0.001048
0,0.004055
1,0.999845
0,0.012846
0,0.212166
0,0.145579
0,0.059285
0,0.011249
0,0.036102
0,0.001446
0,0.130812
0,0.000506
0,0.032029
0,0.248294
0,0.014442
0,0.070426
0,0.001647
0,0.043545
0,0.002162
0,0.008069
0,0.198464
0,0.137167
0,0.024331
0,0.148358
0,0.001354
0,0.196151
0,0.036953
0,0.028295
1,0.950361
0,0.011
1,0.997607
0,0.060176
0,0.001197
1,0.999369
0,0.038569
0,0.001814
0,0.093861
0,0.001149
0,0.020277
1,0.999495
0,0.040801
0,0.27504
0,0.003149
0,0.036661
0,5e-05
0,0.17792
0,0.120695
0,0.017111
0,0.005692
0,0.006663
0,0.074197
0,0.000727
0,0.36256
1,0.929374
0,0.047912
0,0.028167
0,0.08214
0,0.528667
1,0.993702
0,0.035801
0,0.01109
0,0.029419
0,0.142862
0,0.049969
0,4e-06
0,0.301681
1,0.98495
0,0.014169
0,0.02219
0,0.047816
0,0.197814
0,0.010064
1,0.997612
0,0.073663
0,0.040625
0,0.027895
0,0.029231
0,0.372728
0,0.147341
0,0.018918
0,0.042182
0,0.006831
1,0.999942
0,0.000424
0,0.095668
0,0.17563
0,0.026888
0,0.064208
0,0.087038
0,0.401695
0,0.002748
0,0.126671
0,0.054906
0,0.156573
0,0.031616
0,0.025002
0,0.00767
0,0.001361
0,0.082653
0,0.047929
0,0.00115
0,0.002312
0,0.107784
0,0.076959
0,0.024406
0,0.142414
0,0.16996
0,0.01525
0,0.034901
0,0.008617
0,0.053633
0,0.131774
0,0.073374
0,0.184521
0,0.038983
0,0.138269
0,0.050568
0,0.00597
0,0.005169
1,0.804451
0,0.013051
0,0.038931
0,0.021547
0,0.000992
0,0.110894
0,0.099911
1,0.98922
0,0.01026
0,0.020683
0,0.137393
0,0.000317
0,0.031721
0,0.691705
0,0.016923
1,0.823367
0,0.035261
0,0.014952
0,0.020081
0,0.039913
0,0.000484
0,0.003896
0,0.006014
0,0.131689
0,0.087268
0,0.130988
0,0.116052
0,0.231466
0,0.09198
1,0.999511
0,0.219574
0,0.062563
0,0.004638
0,0.05805
0,0.009987
0,0.000761
0,0.006559
0,0.004748
0,0.019095
0,0.015239
0,0.026134
0,0.064083
0,0.001099
0,0.042722
0,0.09846
0,0.038948
0,0.000458
0,0.096154
0,0.195057
0,0.03947
0,0.030297
0,0.038687
0,0.029135
0,0.216786
0,0.064922
0,0.013622
0,0.136929
0,0.201386
1,0.999462
0,0.054534
0,0.011758
0,0.036774
0,0.033873
0,0.082828
0,0.15404
0,0.020846
0,0.20371
0,0.029931
0,0.028833
0,0.060886
0,0.144141
0,0.001752
1,0.999907
0,0.046585
0,0.048479
0,0.011457
0,0.013384
0,0.023691
0,0.023487
0,0.782795
0,0.003079
0,0.118352
0,0.015712
0,0.111938
0,0.001637
0,0.002802
0,0.068571
0,0.422787
0,0.025139
0,0.035082
0,0.163982
0,0.022124
0,0.002062
0,0.082728
0,0.048756
0,0.138746
0,0.055936
0,0.010868
0,0.005232
0,0.000162
0,0.00459
0,0.182206
0,0.008805
0,0.009942
0,0.012038
0,0.018547
0,0.029944
0,0.000416
0,0.025692
1,0.993629
0,0.034549
0,0.04471
0,0.051221
0,0.033663
0,0.012886
1,0.999724
0,0.026506
0,0.16306
0,0.238621
0,0.017082
0,0.042945
0,0.000815
0,0.006057
0,0.007592
0,0.001984
0,0.000693
0,0.015104
0,0.016667
0,0.040113
0,0.03565
0,0.094099
0,0.105623
0,0.03008
0,0.33902
0,0.11635
0,0.037442
0,0.07975
0,0.00804
0,0.055964
0,0.003227
0,0.031238
0,0.056008
0,0.022453
0,0.146819
0,0.157268
0,0.142477
0,0.10125
1,0.983778
0,0.000564
0,0.009406
0,0.009108
0,0.001729
0,0.001993
0,0.010366
0,0.016329
0,0.02671
0,0.030495
0,0.038712
0,0.007627
1,0.968024
0,0.037155
0,0.023893
0,0.045722
0,0.015356
1,0.987761
0,0.03093
0,0.094516
0,0.050314
0,0.000682
0,0.004192
0,0.018914
1,0.999116
0,0.173694
0,0.008298
0,0.000912
0,0.001618
0,0.00257
0,0.000835
0,0.002502
0,0.186762
1,0.99976
0,0.001182
0,0.139794
1,0.869576
0,0.035238
0,0.060823
0,0.085554
0,0.047831
0,0.038699
0,0.001301
0,0.124599
0,0.000203
0,0.166193
0,0.003688
1,0.993972
0,0.018374
0,0.031259
0,0.01674
0,0.000822
0,0.005536
0,0.019845
1,0.929972
0,0.08226
0,0.021922
1,0.833799
0,0.025143
1,0.997454
0,0.145757
0,0.116834
0,0.03278
0,0.051312
0,0.033779
0,0.169763
0,0.050263
0,0.007539
0,0.007445
0,0.11503
1,0.998822
1,0.999902
0,0.041915
0,0.000317
0,0.086519
0,0.250676
0,0.046639
0,0.165024
0,0.495124
1,0.991462
0,0.227919
0,0.093459
0,0.000848
1,0.998891
0,0.044918
0,0.001972
0,0.143836
0,0.052923
0,0.041342
1,0.999958
0,0.000153
0,0.145776
0,0.007881
0,0.029793
0,0.14596
0,0.003599
0,0.113422
0,0.000393
0,0.050073
0,0.000812
0,0.080323
0,0.002216
0,0.050114
0,0.005866
0,0.013268
0,0.24628
0,0.048692
0,0.001838
0,0.138031
0,0.16701
0,0.01843
0,0.101509
0,0.000604
0,0.012511
0,0.107821
0,0.342219
0,0.076623
1,0.999367
0,0.001058
0,0.031545
0,0.026429
0,0.097824
1,0.999858
0,0.130677
0,0.01079
0,0.031835
1,0.999578
0,0.03609
0,0.148332
0,0.018463
1,0.986687
0,0.138407
0,0.00279
0,0.228844
0,0.140794
0,0.021776
0,0.033085
0,0.146022
0,0.020953
0,0.000749
0,0.183311
0,0.127486
0,0.031876
0,0.02866
0,0.105521
0,0.040933
0,0.004978
0,0.1059
0,0.067547
0,0.005925
1,0.993492
0,0.043202
0,0.099155
0,0.046301
0,0.000226
0,0.140267
0,0.001133
0,0.019499
0,0.001393
0,0.180236
0,0.0564
0,0.133985
0,0.217553
0,0.173602
0,0.009894
0,0.040365
0,0.000549
0,0.032756
0,0.008669
0,0.202965
0,0.019709
0,0.131695
0,0.02293
0,0.006072
0,0.295136
0,0.010456
0,0.250119
0,0.125003
0,0.192742
0,0.002167
0,0.037702
0,0.07024
0,0.04785
0,0.045005
0,0.007687
0,0.221473
0,0.067803
0,0.001344
0,0.076657
0,0.003099
0,0.028312
0,0.013904
0,0.014469
0,0.00516
0,0.156303
0,0.177276
0,0.186369
0,0.037426
0,0.034711
0,0.052852
0,0.028637
0,0.032402
0,0.001239
1,0.999978
0,0.393974
0,0.075753
0,0.197601
0,0.053672
0,4e-06
0,0.097308
0,0.173546
0,0.055225
0,0.001491
1,0.993099
0,0.042182
0,0.000748
0,0.029977
0,0.074178
0,0.081743
0,0.196688
0,0.078517
0,0.000576
0,0.016922
0,0.023439
0,0.454675
0,0.039041
0,0.121168
0,0.003238
0,0.22648
0,0.359085
0,0.010731
1,0.956874
0,0.064579
0,0.036099
0,0.240429
0,0.002625
0,0.00039
0,0.034535
0,0.180924
0,0.005222
0,0.008592
0,0.002199
0,0.007386
0,0.019929
0,0.201036
0,0.018395
0,0.100062
0,0.105612
0,0.002759
0,0.007716
0,0.033461
0,0.157661
0,0.037902
1,0.998082
0,0.313978
0,0.162661
0,0.017406
0,0.292784
0,0.021113
0,0.247687
0,0.277594
0,0.056199
0,0.338571
0,0.162584
0,0.163446
0,0.01019
0,0.048333
0,0.034407
0,0.097715
0,0.093798
0,0.110107
0,0.064976
0,0.036335
0,0.026057
0,0.027649
0,0.133606
0,0.145566
0,0.00815
0,0.005033
0,0.021845
0,0.002907
0,0.614646
1,0.997153
0,0.066365
0,0.20037
0,0.225757
0,0.038342
0,0.026241
0,0.079598
0,0.007862
0,0.055725
0,0.124423
0,0.057639
0,0.078874
0,0.519852
0,0.135947
0,0.020117
0,0.20865
0,0.007936
0,0.197955
0,0.203953
0,0.029272
0,0.106298
0,0.001683
0,0.004459
0,0.009485
0,0.021377
0,0.017318
0,0.016232
1,0.929084
0,0.000435
0,0.01611
0,0.025592
0,0.011153
0,0.005122
0,0.151846
0,0.041555
0,0.006459
0,0.004149
1,0.99952
0,0.002218
0,0.313689
0,0.125294
0,0.005962
1,0.9978
0,0.000427
0,0.075648
0,0.035156
0,0.003924
0,0.00224
0,0.060294
0,0.013292
0,0.02978
0,0.01977
0,0.038173
0,0.036933
0,0.182704
0,0.000752
0,0.143427
0,0.24471
0,0.330958
0,0.146838
0,0.286901
0,0.009704
1,0.999395
0,0.017168
0,0.031317
0,0.003558
0,0.053212
0,0.004651
0,0.13898
0,0.0003
0,0.000812
0,0.003915
0,0.077058
1,0.989181
0,0.027917
0,0.004453
0,0.134223
0,0.062484
0,0.090743
0,0.064089
0,0.007176
0,0.005468
0,0.028983
0,0.003346
0,0.005273
0,0.005511
0,0.012239
0,0.084586
0,0.720222
0,0.083095
0,0.02078
0,0.023636
0,0.000249
0,0.218124
0,0.003941
0,0.000553
0,0.015107
0,0.001114
0,0.030961
0,0.100928
0,0.056284
0,0.028114
0,0.115
0,0.115899
0,0.072323
0,0.019576
0,0.215577
0,0.190768
0,0.045943
0,0.000669
1,0.999911
0,0.218384
0,0.027877
0,0.172208
0,0.054768
0,0.039474
0,0.008746
0,0.020983
1,0.97085
0,0.095918
0,0.000614
0,0.052357
0,0.157689
0,0.146732
0,0.161042
0,0.007067
0,0.125819
0,0.002741
0,0.013434
0,0.035687
0,0.002146
0,0.038906
0,0.004324
0,0.001436
1,0.993894
0,0.018713
1,0.999663
0,0.000843
0,0.186794
0,0.056946
0,0.068849
0,0.033438
0,0.171755
0,0.017754
0,0.120571
0,0.301779
0,0.005343
0,0.119239
0,0.073822
0,0.241578
0,0.021733
0,0.007366
0,0.034706
0,0.014792
0,0.314366
0,0.132386
0,0.15521
0,0.01938
0,0.038661
0,0.003659
1,0.978224
0,0.066663
0,0.05731
0,0.048647
0,0.01976
0,0.010146
0,0.360145
0,0.014754
0,0.005655
0,0.077938
0,0.190094
0,0.001439
0,0.010094
0,0.139396
0,0.080498
0,0.051998
0,0.055936
0,0.054577
0,0.036728
0,0.016303
0,0.0002
0,0.075819
0,0.030081
0,0.002645
0,0.004749
0,0.026401
0,0.008985
0,0.524008
0,0.056835
0,0.091795
0,0.143196
0,0.046704
0,0.011032
0,0.025194
0,0.031734
0,0.011926
0,0.13694
0,0.00175
0,0.143762
1,0.998165
0,0.00198
0,0.133385
0,0.04823
0,0.011448
0,0.003163
0,0.090859
1,0.956581
0,0.106284
0,0.034461
1,0.999698
1,0.998948
0,0.008603
0,0.033126
0,0.053884
0,0.035006
0,0.094381
0,0.131645
0,0.044457
0,0.15185
0,0.020863
0,0.033969
0,0.003312
0,0.109
0,0.136147
0,0.126689
0,0.013861
1,0.990856
0,0.029256
0,0.072519
0,0.369264
0,0.135656
0,0.039643
0,0.002717
1,0.996819
0,0.08524
0,0.179863
0,0.015979
0,0.000803
0,0.008844
0,0.223528
1,0.999925
0,0.086905
0,0.050504
0,0.20161
0,0.126984
0,0.001937
0,0.024941
0,0.183442
0,0.116701
0,0.015174
0,0.133524
0,0.060021
0,0.026029
0,0.005561
0,0.258258
0,0.024922
0,0.006269
0,0.015994
0,0.001989
0,0.253728
0,0.047898
0,0.022123
0,0.157806
0,0.028914
0,0.139854
0,0.003351
1,0.999929
0,0.032795
1,0.958908
0,0.030443
0,0.022701
0,0.040015
0,0.023328
0,0.074378
0,0.004691
0,0.058514
0,0.020486
0,0.024957
0,0.052499
0,0.476827
0,0.005435
0,0.006712
0,0.026989
0,0.39924
0,0.147676
0,0.025601
0,0.005745
0,0.190296
0,0.032475
0,0.05503
0,0.004188
0,0.148306
0,0.003599
0,0.179872
1,0.98498
0,0.019751
0,0.00345
0,0.062121
0,0.113798
0,0.001167
0,0.017016
1,0.957638
1,0.965697
0,0.000256
0,0.001135
1,0.825428
0,0.010659
1,0.813513
0,0.216125
0,0.272294
0,0.143406
0,0.000101
0,0.102494
0,0.00237
0,0.005723
1,0.8297
0,0.021171
0,0.011851
0,0.013032
0,0.056375
0,0.03603
0,0.270186
0,0.054536
0,0.210897
0,0.050054
0,0.150996
0,0.16895
1,0.998459
0,0.004583
0,0.091693
0,0.000198
1,0.9933
0,0.008623
0,0.074033
0,0.01676
0,0.032516
0,0.01101
0,0.020571
0,0.262817
0,0.003042
0,0.069087
0,0.011498
0,0.012746
0,0.004875
0,0.022197
0,0.031919
0,0.001123
0,0.000919
0,0.003732
0,0.251383
0,0.0221
0,0.167056
0,0.004103
0,0.192393
0,0.037955
1,0.995618
0,0.1395
1,0.999733
0,0.020598
0,0.128804
0,0.002209
0,0.005223
0,0.184322
0,0.088512
0,0.109309
0,0.641348
0,0.127745
0,0.037466
0,0.039203
0,0.002185
0,0.427741
0,0.1885
0,0.07968
0,0.027603
0,0.088693
0,0.00041
0,0.079024
0,0.001482
0,0.078719
1,0.986954
0,0.04988
0,0.167702
0,0.019234
1,0.996788
0,0.212823
0,0.08759
0,0.000428
1,0.980279
0,0.000534
1,0.897367
1,0.997255
0,0.413867
0,0.709143
0,0.145115
0,0.167745
0,0.000569
0,0.064041
0,0.008095
0,0.000728
0,0.009566
1,0.999316
0,0.056829
0,0.033007
0,0.041961
0,0.009521
1,0.992022
0,0.03022
0,0.192892
0,0.110288
1,0.999491
0,0.038876
0,0.080587
0,0.002575
0,0.011445
0,0.009917
0,0.053214
0,0.022961
0,0.154756
0,0.009255
0,0.002517
1,0.996898
1,0.978626
0,0.04837
0,0.001797
1,0.999407
0,0.028266
0,0.557966
0,0.046975
0,0.004753
0,0.040911
0,0.029918
0,0.013828
0,0.011664
0,0.052567
0,0.047728
0,0.054959
0,0.012684
0,0.016414
0,0.027918
0,0.070886
0,0.018687
0,0.00014
0,0.128048
0,0.000444
0,0.005085
0,0.002128
0,0.00189
0,0.065408
0,0.062794
0,0.146437
0,0.118355
0,0.110426
0,0.319018
0,0.003892
0,0.004479
0,0.036212
0,0.042017
0,0.183101
0,0.000124
1,0.998783
0,0.004879
0,0.021407
0,0.022955
0,0.037482
0,0.001607
0,0.117335
0,0.009896
0,0.129917
0,0.188312
0,0.04905
0,0.021644
0,0.008928
0,0.05112
0,0.029612
0,0.076517
0,0.344956
0,0.265416
0,0.150945
0,0.004678
0,0.007843
0,0.007929
0,0.003997
0,0.000232
0,0.031177
0,0.330597
0,2e-06
0,0.00011
0,0.005967
0,0.195861
0,0.033188
0,0.039007
0,0.044272
0,0.009282
0,0.007024
0,0.000104
0,0.034712
0,0.012322
0,0.073382
0,0.000536
0,0.016774
0,0.040944
0,3.6e-05
0,0.000445
0,0.092522
0,0.001733
0,0.167056
0,0.069885
0,0.008412
0,0.080009
0,0.026315
0,0.147559
0,0.334005
1,0.900907
0,0.001829
0,0.004415
0,0.044435
0,0.083366
0,0.009821
0,0.001913
0,0.103855
0,0.095727
0,0.089131
0,0.002312
0,0.305544
0,0.084288
0,0.196359
0,0.023561
0,0.002225
0,0.167143
0,0.012572
1,0.921717
0,0.031894
0,0.125154
0,0.653006
0,0.456701
0,0.171337
0,0.142855
0,0.004212
0,0.024071
0,0.215518
0,0.004914
0,0.179967
0,0.014533
0,0.037399
0,0.103817
0,0.035251
0,0.158637
0,0.461148
0,0.052371
0,0.112874
0,0.106091
0,0.0336
0,0.113924
0,0.001363
1,0.999542
0,0.384324
0,0.190041
0,0.01544
0,0.031063
0,0.000249
1,0.996914
0,0.169831
0,0.159033
0,0.031324
0,0.163672
0,0.015261
0,0.018564
0,0.002354
0,0.143121
1,0.994071
0,0.069097
0,0.069083
0,0.123415
0,0.009283
0,0.005874
0,0.192501
0,0.000119
0,0.004931
0,0.011425
0,0.014795
0,0.013125
0,0.048886
0,0.045903
0,0.101211
0,0.002893
0,0.009327
0,0.026231
0,0.063174
0,0.008957
0,0.051486
1,0.998289
1,0.997826
0,0.009376
0,0.065629
0,0.000495
0,0.212998
0,0.686741
0,0.00952
0,0.321033
0,0.411223
0,0.152143
0,0.058649
0,0.017947
1,0.822681
0,0.246035
0,0.139348
0,0.001188
0,0.151565
1,0.999343
0,0.043934
0,0.000754
0,0.059198
0,0.001451
0,0.119873
0,0.132915
0,0.386885
0,0.001435
0,0.448366
0,0.006818
0,0.004749
0,0.024202
0,0.040649
0,0.01253
0,0.05178
1,0.998487
1,0.992018
0,0.186098
0,0.031701
0,0.0
0,0.004805
0,0.000484
0,0.000395
0,0.046257
0,0.046525
0,0.009214
0,0.035835
0,0.217557
0,0.028647
0,0.012737
1,0.999703
1,0.838406
0,0.003321
0,0.052618
1,0.866888
0,0.030688
0,0.004523
0,0.060073
0,0.06828
0,0.243909
0,0.041765
0,0.04796
1,0.999469
1,0.999419
0,0.781509
0,0.004156
0,0.005147
1,0.999609
0,0.13091
0,0.136501
1,0.999881
0,0.001969
0,0.160859
0,0.109924
0,0.191122
0,0.034975
0,0.244289
0,0.015302
0,0.012643
0,0.020146
0,0.018618
0,0.063657
0,0.228738
0,0.096855
0,0.055172
0,0.016884
0,0.02808
0,0.06151
0,0.020207
1,0.996636
1,0.998299
0,0.255456
0,0.013622
0,0.02346
1,0.999261
0,0.000934
0,0.033286
0,0.221024
0,0.081076
0,0.114956
1,0.999871
0,0.119339
0,0.028505
0,0.092168
0,0.211436
1,0.99277
0,0.001479
0,0.130537
0,0.012397
0,0.159624
0,0.142585
0,0.039339
0,0.044844
0,0.132569
0,0.02468
0,0.12482
0,0.099731
0,0.005707
0,0.767998
0,0.005692
1,0.995054
0,0.081378
0,0.164838
0,0.033736
0,0.234249
0,0.218425
0,0.001114
0,0.063224
0,0.032111
0,0.058743
0,0.002342
0,0.088398
0,0.025321
0,0.003973
0,0.008343
1,0.970694
0,0.089372
0,0.037611
0,0.015307
0,0.114247
0,0.00023
0,0.221398
0,0.08276
0,0.389077
0,0.07861
0,0.120453
0,0.043886
0,0.092509
0,0.019309
0,0.044117
0,0.135748
0,0.129677
0,0.087492
0,0.405891
0,0.178245
0,2e-06
0,0.00661
0,0.120236
0,0.301558
0,0.039847
0,0.012945
0,8.9e-05
1,0.999043
0,0.037037
0,0.013703
0,0.228712
0,0.006818
0,0.053669
0,0.060244
0,0.211064
0,0.039181
0,0.14011
0,0.24837
0,0.00373
0,0.060539
0,0.003358
0,0.062834
0,0.018858
1,0.907069
0,0.030136
0,0.222815
1,0.978822
0,0.003958
0,0.126807
0,0.194471
0,0.197449
0,0.000116
0,0.063134
0,0.04533
0,0.142202
0,0.001671
0,0.094697
1,0.967068
0,0.124394
0,0.444558
0,0.298845
0,0.036592
0,0.002345
0,0.15273
0,0.014501
0,0.045316
0,0.015096
0,0.179046
0,0.077068
0,0.03927
0,0.536714
0,0.325428
0,0.001494
0,0.286328
0,0.03102
0,0.26607
0,0.073846
1,0.843266
0,0.001374
0,0.261551
0,0.001174
1,0.999865
0,0.040466
0,0.02037
0,0.198906
1,0.998941
0,0.021667
0,0.073228
0,0.233184
0,0.001159
0,0.003315
0,0.088044
0,0.095316
0,0.00204
0,0.275617
0,0.008063
1,0.975595
0,0.217243
0,0.018226
0,0.063595
0,0.003865
1,0.996471
0,0.240014
0,0.006006
0,0.005318
0,0.008748
0,0.044092
0,0.255159
0,0.234678
0,0.115136
0,0.045318
0,0.344287
0,0.003108
0,0.202581
0,0.064285
0,0.010735
0,0.001502
0,0.072258
0,0.142328
0,0.020711
0,0.104813
0,0.010926
0,0.233923
0,0.139482
0,0.000547
0,0.185203
1,0.99952
0,0.034908
0,0.174528
0,0.003441
0,0.005295
0,0.007474
0,0.019925
0,0.00035
0,0.240829
0,0.0487
0,0.003968
0,0.000716
0,0.042649
0,0.013036
0,0.213967
0,0.092299
0,0.180224
0,0.281449
0,0.03841
0,0.003936
0,0.000508
0,0.01825
0,0.003366
0,0.154105
0,0.028523
0,0.01436
0,0.040885
0,0.188423
0,0.192662
0,0.029585
0,0.000818
0,0.004363
0,0.000183
0,0.221258
0,0.139485
0,0.007432
0,0.697014
1,0.800146
1,0.870006
0,0.219304
0,0.041938
0,0.014213
0,0.235742
0,0.744386
0,0.177237
0,0.00621
0,0.12019
0,0.066473
0,0.116866
0,0.126954
0,0.164467
0,0.012689
0,0.024988
0,0.001929
0,0.010107
0,0.07125
0,0.010578
0,0.153143
0,0.222599
0,0.007166
0,0.006593
0,0.016213
0,0.308592
0,0.032461
0,0.036845
0,0.140159
0,0.065724
0,0.050087
0,0.139485
0,0.224278
0,0.004298
1,0.995686
0,0.000833
0,0.031089
0,0.267717
0,0.21761
0,0.022953
0,0.125444
0,0.207929
0,0.001998
0,0.000607
0,0.008327
0,0.017579
0,0.06499
0,0.019328
0,0.244838
0,0.001048
0,0.065603
0,0.007268
0,0.081821
0,0.224294
0,0.173776
0,0.186867
0,0.165914
0,0.160606
0,0.035187
0,0.046282
0,0.015975
0,0.080324
0,0.050956
0,0.003743
0,0.020468
0,0.257016
0,0.009645
0,0.00228
0,0.031829
0,0.064638
0,0.054236
0,0.006066
0,0.008334
0,0.129084
0,1.4e-05
0,0.045889
0,0.11002
0,0.75383
0,0.024831
0,0.056141
0,0.158117
0,0.014884
1,0.98414
0,0.003139
0,0.391478
0,0.275425
0,0.012236
0,0.091997
0,0.002913
0,0.105322
0,0.007937
1,0.992233
0,0.140059
0,0.000169
1,0.99964
1,0.917262
0,0.003045
0,0.001352
0,0.197035
0,0.116249
0,0.006597
0,0.048664
0,0.00696
0,0.038208
0,0.124673
0,0.13062
0,0.095094
0,0.027927
0,0.024061
0,0.009707
0,0.189401
0,0.02102
1,0.981064
0,0.181922
0,0.042542
0,0.010023
1,0.993813
0,0.000555
0,0.104748
1,0.999104
0,0.034125
0,0.005953
0,0.012828
0,8.4e-05
0,0.000398
0,0.009496
0,0.004612
0,0.071214
0,0.206821
0,0.118909
0,0.045415
0,0.006935
1,0.999852
0,0.003256
0,0.070939
0,0.007679
0,0.182188
0,0.21528
0,0.290906
0,0.056528
0,0.022751
0,0.017651
1,0.999923
0,0.017316
0,0.007062
0,0.062688
0,0.003082
0,0.07294
0,0.00705
0,0.017991
0,0.034033
0,0.017295
0,0.136088
0,0.000582
0,0.17636
0,0.032102
0,0.049038
0,0.044446
0,0.084778
0,0.018189
0,0.116751
0,0.014967
0,0.003193
0,7.3e-05
0,0.072159
0,0.000423
0,0.070688
0,0.030335
0,0.041733
0,0.030621
0,0.017722
0,0.045915
0,0.020442
0,2.4e-05
1,0.999133
0,0.185067
0,0.546267
0,0.0095
0,0.01941
0,0.160659
0,0.148479
0,0.000128
0,0.011524
1,0.999578
0,0.163838
0,0.171751
0,0.024139
0,0.178196
0,0.03121
0,0.021342
0,0.036491
0,0.198683
0,0.009493
0,0.064225
0,0.003379
0,0.069078
0,0.188506
0,0.376192
0,0.051462
0,0.158025
0,0.135791
0,0.000193
1,0.999692
0,0.052112
0,0.003986
0,0.026548
0,0.093016
0,0.053404
0,0.001429
0,0.005596
0,0.000758
0,0.27179
0,0.001553
0,0.017208
0,0.150711
0,0.02075
1,0.897785
0,0.001767
1,0.998584
0,0.000929
0,0.090303
0,0.022284
0,0.001503
0,0.055087
0,0.027952
0,0.005114
0,0.017141
0,0.339498
0,0.155713
0,0.039246
0,0.025757
0,0.00326
0,0.047101
0,0.008029
0,0.320205
0,0.241266
0,0.357849
1,0.999874
0,0.009882
0,0.019555
1,0.999726
0,0.034638
0,0.004456
0,0.118507
0,0.125197
0,0.029711
0,0.000679
0,0.004836
0,0.122446
0,0.051299
1,0.81607
0,0.000233
0,0.195396
0,0.003155
0,0.019213
0,0.02026
0,0.004018
0,0.012184
0,0.00128
0,0.000469
0,0.099106
0,0.13299
0,0.020501
0,0.094893
0,0.117433
0,0.761547
0,0.110186
0,0.101034
0,0.034008
1,0.999754
1,0.979739
0,0.000878
0,0.197796
0,0.082944
0,0.015056
0,0.471284
0,0.21468
0,0.013851
0,0.078002
0,0.269684
0,0.084219
0,0.000506
0,0.004086
0,0.04131
0,0.036756
0,0.000713
0,0.00076
0,0.085854
0,0.024772
0,0.002117
0,9.6e-05
0,0.029742
0,0.26135
0,0.179751
0,0.091489
0,0.143205
0,0.004792
0,0.001796
1,0.999572
0,0.727263
0,0.06672
0,0.049266
0,0.071442
0,0.006156
0,0.341756
0,0.119094
0,0.021287
0,0.024075
0,0.235136
0,0.007546
0,0.001949
0,0.070104
0,0.387805
0,0.003836
0,0.134884
0,0.020343
0,0.021471
0,0.097091
0,0.0079
0,0.027676
0,0.041474
0,0.00241
0,0.061783
0,0.030132
0,0.001677
0,0.037301
0,0.087935
0,0.014811
0,0.321768
0,0.079072
0,0.035259
1,0.981716
0,0.041324
0,0.003377
0,0.013625
0,0.138703
0,0.195446
0,0.029723
0,0.182312
0,0.050869
0,0.001182
0,0.112515
1,0.881656
0,0.218567
0,0.000105
0,0.258075
0,0.068422
0,0.024041
1,0.993451
0,0.008729
0,0.175125
0,0.117035
0,0.001589
0,0.151595
0,0.037957
0,0.190749
0,0.121354
0,0.035213
0,0.027746
0,0.151953
0,0.687707
0,0.043009
0,0.007675
0,0.337895
0,0.001211
0,0.025264
0,0.304722
0,0.029191
0,0.000537
0,0.169728
1,0.852473
1,0.999668
0,0.076994
0,0.085062
0,0.015795
0,0.050213
0,0.099335
0,0.015536
0,0.010596
0,0.002496
0,0.175638
0,0.041819
0,0.241072
1,0.999851
0,0.004829
0,0.267287
1,0.992553
0,0.499387
0,0.223665
0,0.003693
0,0.023125
0,0.158142
0,0.002033
0,0.025192
0,0.016713
0,0.007951
0,0.024571
1,0.995706
0,0.013416
0,0.135521
1,0.96872
0,0.015334
0,0.029557
0,0.04293
0,0.009556
0,0.052095
0,0.039613
1,0.987998
0,0.130251
0,0.000474
0,0.206745
0,0.011555
1,0.999888
0,0.015337
0,0.107066
0,0.012763
0,0.077963
0,0.361634
0,0.036775
0,0.027045
0,0.003666
0,0.039526
0,0.165623
0,0.005429
1,0.92916
0,0.052819
1,0.828573
0,0.094908
0,0.254569
0,0.144447
0,0.026158
0,0.704785
0,0.0269
0,0.003081
0,0.204276
0,0.005976
0,0.080141
0,0.054008
0,0.070597
0,0.016681
0,0.007675
0,0.03508
0,0.003996
0,0.004462
0,0.001252
0,0.004136
0,0.089828
0,0.038822
0,0.000871
0,0.114724
0,0.031915
0,0.075707
0,0.003381
1,0.999953
0,0.02296
1,0.875049
0,0.030533
0,0.029662
1,0.972734
0,0.008199
0,0.009927
0,0.002741
0,0.034496
0,0.519684
0,0.168676
0,0.012208
0,0.131998
0,0.5881
0,0.175896
0,0.00658
0,0.001801
0,0.01805
0,0.096132
0,0.081634
0,0.001287
0,0.08295
0,0.047228
0,0.007149
0,0.007255
0,0.009189
0,0.010928
0,0.005448
0,0.016048
1,0.989212
0,0.285704
0,0.006066
0,0.049408
0,0.017552
0,0.022344
0,0.020166
0,0.035328
0,0.004232
0,0.011296
0,0.084437
0,0.034797
0,0.018842
1,0.999959
0,0.002921
0,0.017813
0,0.017607
0,0.114312
0,0.095358
0,0.001308
0,0.101739
0,0.03508
0,0.057738
0,0.158215
1,0.951234
0,0.282661
0,0.37884
0,0.01845
0,0.024526
0,0.120392
1,0.996393
0,0.029555
0,0.479949
0,0.170816
0,0.108335
0,0.001677
0,0.078987
0,0.11653
0,0.002876
0,0.041673
0,0.446023
1,0.998433
0,0.027874
0,0.038427
0,0.162134
0,0.021592
0,0.125641
0,0.002442
0,0.230602
0,0.063718
0,0.000179
0,0.210537
0,0.16
0,0.170469
0,0.019583
0,0.000574
0,0.000473
0,0.113635
0,0.098718
1,0.999748
0,0.007738
0,0.059421
0,0.152163
0,0.278513
0,0.114197
0,0.289839
0,0.000796
0,0.226458
0,0.107452
0,0.011891
0,0.004274
0,0.178226
0,0.005965
0,2.2e-05
1,0.996332
0,0.1266
0,0.026669
0,0.033455
0,0.294453
0,0.037434
0,0.081452
0,0.013992
0,0.002295
0,0.015126
0,0.049739
0,0.192776
0,0.002617
0,0.209705
0,0.412624
0,0.423546
0,0.001958
0,0.002881
0,0.049987
0,0.007722
0,0.000572
0,0.028215
0,0.001214
0,0.053187
0,0.043592
0,0.034591
0,0.022162
0,0.003108
0,0.150297
0,0.02717
0,0.096541
0,0.012939
0,0.096213
0,0.043418
0,0.342399
0,0.00409
0,0.192984
0,0.008289
0,0.018522
1,0.967019
0,0.03761
0,0.011721
0,0.149682
0,0.237949
0,0.004412
0,0.073818
0,0.007646
0,0.008786
0,0.311336
0,0.168415
0,0.085086
0,0.177835
0,0.159283
0,0.754917
0,0.394803
0,0.187481
0,0.058164
0,0.005653
0,0.004367
0,0.068179
0,0.015544
0,0.463642
0,0.372556
0,0.018819
0,0.157544
0,0.096048
0,0.004316
0,0.002688
0,0.137277
0,0.000792
0,0.249799
0,0.061346
0,0.173944
1,0.997859
0,0.100308
0,0.022087
0,0.031362
0,0.05132
0,0.142742
0,0.06614
0,0.012524
0,0.333482
0,0.000259
0,0.005827
0,0.101725
0,0.003456
0,0.201663
0,0.185663
0,0.01601
0,0.001024
0,0.009163
0,0.012327
0,0.165364
0,0.062073
0,0.041912
0,0.029399
0,0.001726
0,0.017669
0,0.019837
0,0.001618
0,0.032466
0,0.044629
0,0.005085
0,0.020064
0,0.025872
0,0.000191
0,0.02538
0,0.03047
0,0.004416
0,0.001464
0,0.205059
0,0.041211
0,0.003979
0,0.001871
0,0.177086
1,0.998705
0,0.148337
0,0.022563
1,0.999842
0,0.096468
0,0.315854
0,0.043331
0,0.182377
0,0.003809
0,0.001127
0,0.158429
0,0.054249
0,0.008629
0,0.033143
0,0.002883
0,0.066822
0,0.167949
0,0.013383
0,0.00137
0,0.411646
0,0.001179
0,0.01784
1,0.977987
0,0.039438
0,0.021109
0,0.031595
0,0.128934
0,0.02242
0,0.030911
0,0.088574
0,0.011322
0,0.024638
0,0.003952
0,0.161236
1,0.999848
0,0.005763
0,0.004809
0,0.012115
0,0.029917
0,0.054461
0,0.00514
0,0.005498
1,0.94184
0,0.002915
0,0.006683
0,0.003894
0,0.158638
0,0.001376
0,0.157512
0,0.205169
0,0.087307
0,0.010659
1,0.961153
0,0.014139
0,0.012801
0,0.184325
0,0.088602
0,0.00696
0,0.200476
0,0.061559
0,0.099988
1,0.998922
0,0.021389
0,0.352829
0,0.061475
0,0.30964
0,0.314195
1,0.999685
0,0.48758
0,0.063383
0,0.11724
0,0.000337
0,0.023338
0,0.000181
0,0.148103
0,0.008321
0,0.057223
1,0.999555
0,0.00488
0,0.154416
0,0.052909
0,0.010168
0,0.058414
0,0.144166
0,0.135324
0,0.245183
0,0.059302
1,0.99719
0,0.087716
0,0.10899
0,0.018551
0,0.015554
0,0.031245
0,0.092153
0,0.039486
0,0.009936
0,0.006057
0,0.120833
0,0.171651
0,0.225081
0,0.208357
1,0.998756
0,0.001631
1,0.999738
0,0.005842
0,0.461057
0,0.043294
0,0.051305
0,0.074196
0,0.050322
0,0.139407
0,0.001662
1,0.998315
0,0.002452
0,0.00206
0,0.003122
0,0.193516
0,0.026758
0,0.001315
0,0.005897
0,0.036644
1,0.999142
0,0.037337
0,0.051038
0,0.012102
0,0.082456
0,0.079616
0,0.020953
0,0.004688
0,0.001766
0,0.087749
0,0.046275
0,0.33936
0,0.039617
0,0.192006
0,0.180514
0,0.006392
0,0.005032
0,0.065333
0,0.000313
0,0.065579
0,0.006622
1,0.999223
0,0.000758
0,0.025241
0,0.013334
0,0.053243
0,0.010625
0,0.028466
0,0.004651
0,0.134237
0,0.133151
0,0.112986
0,0.163312
0,0.006259
0,0.25825
0,0.092247
0,0.0
0,0.334184
0,0.077747
0,0.037244
0,0.170892
0,0.001289
0,0.064979
0,0.143383
0,0.051142
0,0.275174
0,0.075193
0,0.013585
0,0.005102
0,0.117848
0,0.018591
0,0.023947
0,0.005653
0,0.083282
0,0.154515
0,0.21566
0,0.009064
0,0.02861
0,0.007695
0,0.02544
0,0.001336
0,0.019707
0,0.171237
0,0.024784
0,0.004078
0,0.007945
0,0.035203
0,0.136073
0,0.002231
1,0.9979
0,0.085217
0,0.030244
0,0.011687
0,0.027139
0,0.026216
0,0.181706
0,0.009484
0,0.018168
0,0.075964
0,0.097913
1,0.9999
0,0.048938
0,0.069076
0,0.392039
0,0.049527
0,0.013828
0,0.000521
0,0.013586
0,0.010849
0,0.031201
0,0.003423
0,0.137012
0,0.007819
0,0.015261
0,0.271951
0,0.015587
0,0.028877
0,0.00239
0,0.013568
0,0.000607
0,0.013681
0,0.024616
0,0.002532
0,0.11104
0,0.012813
0,0.006389
0,0.180477
0,0.133635
0,0.011086
0,0.148987
0,0.07658
0,0.125195
0,0.044945
0,0.105358
0,0.17805
0,0.053913
0,0.205412
0,0.01028
0,0.242179
0,0.207281
0,0.14706
1,0.981879
0,0.120286
0,0.005827
0,0.021039
0,0.072259
0,0.01009
0,0.024544
0,0.116705
0,0.019905
0,0.037904
0,0.001829
0,0.203846
0,0.173034
0,0.574273
0,0.000157
0,0.104105
0,0.113031
1,0.999126
0,0.058376
0,0.031485
0,0.06653
0,0.002573
1,0.991972
0,0.005468
1,0.986907
0,0.112332
0,0.036825
0,0.022145
0,0.33585
0,0.103765
0,0.043549
0,0.295882
0,0.02576
0,0.064033
0,0.11284
0,0.00492
0,0.047342
0,0.004544
0,0.11511
0,0.140265
0,0.001151
0,0.021091
0,0.032346
0,0.034944
0,0.128179
0,0.003371
0,0.085974
0,0.790824
0,0.244654
0,0.002878
0,0.047229
0,0.05249
0,0.16693
0,0.073483
0,0.036633
0,0.24055
0,0.060317
0,0.03585
0,0.20273
0,0.000899
0,0.000429
0,0.001146
0,0.157055
0,0.073942
0,0.012095
0,0.079845
0,0.042657
0,0.002885
0,0.018077
0,0.028787
0,0.032039
1,0.997614
0,0.053231
0,0.003005
0,0.024948
0,0.013562
0,0.0082
0,0.12628
0,0.022691
0,0.027624
0,0.00109
0,0.024932
1,0.997759
0,0.015153
0,0.138973
0,0.008637
0,0.196145
0,0.22463
0,0.033629
0,0.004032
0,0.026099
1,0.999472
0,0.0396
0,0.000799
0,0.030042
0,0.000172
0,0.012454
0,0.138858
0,0.00647
0,0.002017
1,0.999622
0,0.024151
0,0.004792
0,0.172634
0,0.017355
0,0.013095
0,0.022052
0,0.043591
0,0.092885
0,0.194205
0,0.00325
1,0.999872
0,0.03069
0,0.176234
0,0.004427
0,0.257678
0,0.00114
0,0.013924
0,0.025919
0,0.126359
0,0.097466
0,0.040229
0,0.021798
0,0.114914
0,0.170497
0,0.091088
0,0.037263
0,0.004932
0,0.084741
1,0.902588
0,0.094414
1,0.931744
1,0.996045
0,0.007371
0,0.180109
0,0.281633
0,0.118319
0,0.11618
0,0.003734
0,0.024288
1,0.992341
0,0.007976
0,0.017471
1,0.924777
0,0.019702
0,0.03062
0,0.101139
0,0.027437
0,0.046666
0,0.212414
0,0.061074
1,0.999707
0,0.021177
0,0.127089
0,0.334917
0,0.001883
0,0.112161
0,0.124176
0,0.11992
0,0.027684
1,0.999705
0,0.133988
0,0.000867
0,0.064506
0,0.001784
1,0.88506
0,0.036691
0,0.000151
0,0.00197
0,0.254781
0,0.175152
0,0.017226
0,0.008217
0,0.051105
0,0.02508
0,0.150427
0,0.025607
0,0.014094
0,0.157012
1,0.99943
0,0.003685
0,0.132754
0,0.137778
0,0.114027
0,0.011045
0,0.061717
0,0.015629
0,0.005705
0,0.022123
0,0.04161
0,0.285081
0,0.021511
0,0.001609
0,0.00027
1,0.990645
0,0.161915
0,0.085427
0,0.205054
0,0.227047
0,0.148062
0,0.204861
0,0.061329
0,0.434687
1,0.908973
0,0.002426
0,0.620031
0,0.02649
0,0.158161
0,0.024953
0,0.145186
0,0.004646
0,0.004985
0,0.1357
0,0.002613
0,0.061148
0,0.006126
0,0.08088
0,0.0976
0,0.012189
0,0.008181
1,0.999085
0,0.003623
0,0.078372
0,0.036676
0,0.00462
0,0.017887
0,0.005208
0,0.00016
0,0.005295
0,0.778386
0,0.014718
1,0.999559
1,0.995424
0,0.013046
0,0.086957
0,0.000518
0,0.04395
0,0.107305
0,0.03533
0,0.734227
0,0.137779
0,0.142391
0,0.011913
0,0.000666
0,0.000289
0,0.02912
0,0.009888
1,0.983251
1,0.99646
0,0.029826
0,0.252848
0,0.001233
0,0.003883
0,0.007331
0,0.178838
0,0.184556
0,0.140833
0,0.058776
0,0.248227
0,0.172144
0,0.017459
0,0.023103
0,0.107536
0,0.000677
0,0.231838
0,0.017844
0,0.188138
0,0.157795
0,0.038328
0,0.05542
0,0.037965
0,0.018869
0,0.253525
0,0.054787
1,0.999696
0,0.319491
0,0.190493
0,0.097494
1,0.9371
0,0.014186
0,0.100575
0,0.019365
1,0.997055
0,0.00702
0,0.401442
0,0.000206
0,0.003031
1,0.99824
0,0.001363
0,0.151276
0,0.624895
0,0.044287
0,0.000108
0,0.034266
0,0.047228
0,0.017666
0,0.153522
0,0.004116
0,0.000855
0,0.148073
1,0.998567
0,0.090758
0,0.075627
0,0.010509
0,0.042168
0,0.013885
0,0.002061
0,0.041843
0,0.162547
0,0.369096
0,0.049805
0,0.229462
1,0.999312
0,0.067459
0,0.181104
0,0.238843
0,0.276965
0,0.000564
0,0.004094
0,0.353923
0,0.39027
0,0.224481
0,0.043421
0,0.108887
0,0.011534
0,0.003172
0,0.262301
0,0.064093
0,0.119052
0,0.017847
0,0.001982
1,0.999921
0,0.030715
0,0.043887
0,0.027757
0,0.07253
0,0.000607
0,0.134273
0,0.027411
0,0.010444
0,0.080856
1,0.998311
0,0.022858
0,0.016106
1,0.974484
0,0.02818
0,0.015248
0,0.399423
0,0.000984
0,0.062602
0,0.16066
0,0.682718
0,9e-06
0,0.120065
0,0.040625
0,0.175359
0,0.004691
0,0.036895
0,0.202465
0,0.027864
0,0.01209
0,0.013095
0,0.143437
0,0.00033
0,0.027223
0,0.001093
0,0.142532
0,0.003781
0,0.07563
0,0.114116
1,0.998299
0,0.048679
0,0.007613
0,0.148919
0,0.000106
0,0.027715
0,0.152511
0,0.004382
0,0.032304
0,0.243237
0,0.38298
0,0.036356
0,0.124791
0,0.000111
0,0.054387
0,0.014394
0,0.012232
0,0.161711
0,0.000888
0,0.048446
1,0.98593
0,0.010155
0,0.089861
0,0.005146
0,0.001104
0,0.003714
0,0.397527
0,0.001999
0,0.003399
0,0.016868
0,0.00561
0,0.195673
0,0.047995
0,0.032293
0,0.003577
0,0.205023
0,0.000617
1,0.99971
0,0.003544
0,0.066575
1,0.99535
0,0.025382
0,0.02121
0,0.046661
0,0.16546
0,0.212866
0,0.004603
0,0.016208
0,0.126543
0,0.032634
0,0.167559
1,0.896716
0,0.018819
1,0.960922
1,0.999918
0,0.13527
0,0.019397
0,0.690233
0,0.111444
0,0.021013
0,0.018387
0,0.089042
0,0.020971
0,0.002398
0,0.005891
0,0.175698
0,0.007991
0,0.012091
0,0.026867
0,0.001259
1,0.998529
0,0.052554
0,0.077543
0,0.012268
0,0.033518
0,0.005589
0,0.017833
0,0.188015
0,1e-04
0,0.045442
1,0.882
0,0.003587
1,0.995541
0,0.061594
0,0.083621
0,0.025479
0,0.003351
0,0.210709
1,0.999839
0,0.445813
0,0.128547
0,0.043812
0,0.024511
0,0.025053
1,0.99301
0,0.048831
0,0.003784
0,0.109877
0,0.02606
1,0.998522
0,0.106402
0,0.14784
0,0.039082
0,0.005228
1,0.993556
0,0.028909
0,0.005171
0,0.047858
0,0.038223
0,0.093344
0,0.004374
0,0.005859
0,0.219868
1,0.977095
0,0.025014
0,0.035164
0,0.008221
0,0.285726
0,0.167267
0,0.050097
0,0.022974
0,0.043567
0,0.020733
0,0.015802
0,0.209574
0,0.156381
0,0.002864
0,0.004314
0,0.022608
0,0.003762
0,0.015955
0,0.598312
0,0.189733
0,0.037153
0,0.107631
0,0.001303
1,0.999772
0,0.271096
0,0.031934
1,0.994966
0,0.31232
0,0.087854
0,0.176207
0,0.124656
0,0.003807
1,0.988423
0,0.151983
0,0.096963
0,0.005712
0,0.02002
0,0.011656
0,0.153054
0,0.180365
0,0.144732
0,0.000167
0,0.154528
0,0.059989
0,0.022139
0,0.054269
0,0.043734
0,0.043303
0,0.051917
0,0.206283
0,0.053501
0,0.082748
0,0.112842
0,0.034227
0,0.112521
0,0.36148
0,0.058964
1,0.944004
0,0.001204
0,0.315244
0,0.007313
0,0.009094
0,0.011472
0,0.206015
0,0.052858
0,0.004269
0,0.054516
0,0.042679
0,0.003048
0,0.295176
1,0.806998
0,0.021161
0,0.053516
0,0.063075
0,0.021177
0,0.039354
0,0.15217
0,0.090292
0,0.08981
0,0.00062
1,0.918915
0,0.066768
0,0.000897
0,0.047044
0,0.010379
0,0.018006
0,0.013849
0,0.078538
0,0.103297
0,0.011731
0,0.03338
0,0.277808
0,0.013245
0,0.000309
0,0.100303
0,0.002899
0,0.229019
0,0.001684
0,0.005775
0,0.158221
0,0.015886
0,0.03249
0,0.344925
0,0.001151
0,0.068403
0,0.025363
0,0.017285
1,0.991538
0,0.025223
0,0.057681
0,0.047979
0,0.009833
0,0.06264
0,0.004659
0,0.141487
0,0.016498
0,0.18333
0,0.170684
1,0.903231
0,0.435249
0,0.125357
1,0.987143
0,0.150391
0,8.2e-05
0,0.002497
0,0.159084
0,0.009813
1,0.974513
0,0.099918
0,0.035274
0,0.016216
0,0.0041
0,0.047049
0,0.001343
0,0.016678
0,0.033759
0,0.074236
0,0.089491
0,0.278034
0,0.046002
0,0.006792
0,0.010542
0,0.024042
0,0.018555
0,0.004256
0,0.045735
0,0.036154
0,0.00379
0,0.037385
0,0.02956
0,0.206003
0,0.029995
0,0.008258
0,0.00811
1,0.999609
0,0.037626
0,0.010592
1,0.997917
0,0.281956
1,0.999857
0,0.177236
0,0.001264
0,0.235684
0,0.196107
0,0.004558
1,0.995757
0,0.053494
0,0.243999
0,0.045524
0,0.004238
0,0.008516
0,0.003315
0,0.05143
0,0.090691
1,0.963224
0,0.016542
0,0.000351
0,0.002718
0,0.026935
0,0.034503
0,0.029514
0,0.01423
0,0.359587
0,0.024177
0,0.77169
0,0.106829
0,0.011499
0,0.152473
0,0.04287
0,0.07775
0,0.003215
1,0.984961
0,0.022892
1,0.869171
0,0.023092
0,0.068005
0,0.091181
0,0.001285
0,0.00837
1,0.993426
0,0.069236
0,0.003553
0,0.048978
0,0.113774
0,0.34812
0,0.058827
0,0.011056
0,0.087478
0,0.177408
0,0.065523
0,0.068969
0,0.031219
0,0.045367
0,0.034057
1,0.999034
0,0.003978
0,0.056353
0,0.000614
0,0.297619
0,0.485347
0,0.00637
0,0.024471
0,0.023165
0,0.184424
0,0.009968
0,0.066822
0,0.148966
1,0.83934
0,0.125055
0,0.040836
0,0.05175
0,0.151335
0,0.005279
0,0.066538
0,0.067106
0,0.016074
0,0.042735
0,0.005488
0,0.003758
0,0.009156
0,0.011904
0,0.321133
0,0.143953
0,0.034422
0,0.014482
0,0.033865
0,0.028462
0,0.000206
0,0.188757
0,0.178314
1,0.979021
0,0.016696
0,0.007138
0,0.000452
0,0.166389
0,0.161457
0,0.074317
0,0.074467
0,0.043872
0,0.074866
0,0.066693
0,0.319112
0,0.089568
0,0.001197
0,0.011122
0,0.006049
0,0.010065
0,0.002792
0,0.028328
0,0.014792
0,0.015753
0,0.155704
0,0.192176
0,0.032232
0,0.004488
0,0.011888
0,0.006412
0,0.138098
0,0.156253
0,0.14185
0,0.471919
0,0.166939
0,0.144601
0,0.045106
0,0.740841
0,0.03365
0,0.002302
0,0.097666
0,0.005208
0,0.025042
0,0.01371
0,0.097411
0,0.057784
0,0.010267
0,0.155281
0,0.019766
0,0.090363
0,0.296681
0,0.117554
0,0.798003
0,0.159827
0,0.022929
0,0.04188
0,0.004432
0,0.104967
0,0.002779
0,0.048325
0,0.013208
0,0.007192
1,0.999468
0,0.014119
0,0.008343
0,0.034577
0,0.152853
0,0.067941
1,0.999216
1,0.988118
0,0.018629
0,0.02455
0,0.021049
0,0.118639
0,0.050181
0,0.116587
0,0.038378
1,0.998431
0,0.009207
0,0.001879
0,0.005313
0,0.062036
0,0.000214
0,0.160348
1,0.973159
0,0.036067
0,0.007665
0,0.182191
0,0.093586
0,0.00831
1,0.997832
0,0.014494
0,0.012814
0,0.010373
0,0.079473
0,0.020602
0,0.001435
1,0.983857
0,0.047637
0,0.001191
0,0.103868
0,0.001462
0,0.005247
0,0.149643
0,0.099542
1,0.997951
0,0.02754
0,0.005613
1,0.999876
0,0.01449
0,0.041296
0,0.023408
0,0.138798
0,0.037492
1,0.998834
1,0.999405
0,0.133572
0,0.061091
1,0.996696
0,0.123158
1,0.999741
0,0.046373
0,0.006723
0,0.159704
0,0.089224
0,0.003949
0,4e-06
0,0.130818
0,0.00101
0,0.04932
0,0.065365
1,0.825849
0,0.015974
0,0.006685
1,0.991562
0,0.001382
0,0.05447
0,0.01543
1,0.990589
0,0.019663
0,0.147882
0,0.000531
0,0.001579
0,0.133058
0,0.003294
0,0.060491
0,0.016094
1,0.817094
0,0.02289
0,0.019094
0,0.034672
0,0.085736
0,0.202649
1,0.995251
0,0.019118
0,0.00934
0,0.002307
0,0.039271
0,0.007623
0,0.033173
0,0.107146
0,0.019636
0,0.001953
1,0.9692
0,0.032233
0,0.137317
0,0.004075
0,0.144479
0,1.5e-05
0,0.002735
0,0.009976
0,0.134297
0,0.110534
0,6.9e-05
0,0.016044
0,0.03312
0,0.069062
0,0.099308
0,0.01536
0,0.384148
0,0.607079
0,0.012032
0,0.181537
0,0.000739
0,0.037141
0,0.001657
0,0.030689
0,0.105301
0,0.164441
0,0.106048
0,0.456648
0,0.000298
0,0.201442
0,0.028458
0,0.179317
0,0.008219
0,0.0022
0,0.098862
0,0.007794
0,0.12639
0,0.301269
1,0.939922
0,0.298528
0,0.006526
0,0.015353
0,0.152511
0,0.10909
0,0.109197
0,0.019369
0,0.14585
0,0.076453
0,0.048609
0,0.241761
0,0.06032
0,5.4e-05
1,0.994433
0,0.053059
0,0.03481
0,0.186797
0,0.106707
0,0.017968
0,9e-06
0,0.271421
0,0.006208
0,0.024114
0,0.020625
0,0.00799
0,0.17731
0,0.105275
0,0.014792
0,0.000736
0,0.173771
0,0.136392
1,0.878089
1,0.876113
0,0.126652
0,0.119526
0,0.001767
0,0.002252
0,0.099406
0,0.015725
0,0.163813
0,0.023715
1,0.999265
0,0.000821
0,0.017819
0,0.025728
0,0.08651
0,0.033531
0,0.048232
0,0.011531
0,0.070782
0,0.344432
0,0.130915
0,0.059323
0,0.122335
0,0.123302
0,0.004633
0,0.246634
0,0.010933
0,0.161499
0,0.150901
0,0.085403
0,0.02494
0,0.047096
0,0.038666
0,0.15153
0,0.00077
0,0.108023
0,0.079611
0,0.003649
0,0.45663
0,0.000834
0,0.028797
0,0.130494
0,0.242605
1,0.898555
0,0.003735
0,0.005884
0,0.055812
0,0.000269
0,0.024214
0,0.262139
0,0.00713
0,0.085328
0,0.058351
0,0.016479
0,0.004644
0,0.425225
0,0.161302
0,0.169079
0,0.032174
0,0.017657
1,0.906962
0,0.026621
0,0.01236
1,0.986582
0,0.000666
0,0.000136
0,0.002611
0,0.034448
0,0.04178
0,0.007273
0,0.385392
0,0.006742
0,0.05865
0,0.003365
0,0.674332
0,0.036641
1,0.999457
0,0.079242
1,0.986583
0,0.001563
0,0.544337
0,0.171027
1,0.999901
0,0.029947
0,0.001447
0,0.000852
0,0.077326
0,0.04901
0,0.032003
0,0.072471
0,0.140053
0,0.047551
0,0.551508
0,0.135082
0,0.068943
0,0.010241
0,0.037356
0,0.020031
0,0.171627
0,0.010111
0,0.003968
0,9.5e-05
0,0.006985
0,0.180495
0,0.120785
0,0.00821
0,0.32235
0,0.001362
0,0.04703
0,0.00607
1,0.998689
0,0.011492
0,0.036923
0,0.076329
0,0.102535
0,0.030024
1,0.995139
0,0.006525
0,0.208704
1,0.999637
0,0.020409
0,0.007397
0,0.022333
0,0.003537
0,0.007718
0,0.01493
0,0.32224
0,0.019329
0,0.156682
1,0.99897
0,0.000296
0,0.024122
0,0.012861
0,0.020699
0,0.008232
0,0.018136
0,0.231562
0,0.025346
0,0.013111
0,0.182125
0,0.142178
0,0.042176
0,0.037843
0,0.148626
1,0.989114
0,0.104514
0,4.9e-05
0,0.007628
0,0.312907
0,0.145178
0,0.140853
0,0.102607
0,0.307244
0,0.627452
0,0.006172
0,0.154377
0,0.106937
0,0.003368
0,0.014269
0,0.007707
0,0.009174
0,0.040824
1,0.998534
0,0.131732
0,0.18517
0,0.045612
0,0.011662
0,0.18198
0,0.306912
0,0.022001
0,0.23026
0,0.209412
0,0.02035
0,0.003075
0,0.006093
0,0.023948
0,0.125684
0,0.007551
0,0.014481
0,0.003746
0,0.02701
0,0.323412
0,0.022137
0,0.042818
0,0.144501
0,0.0004
0,0.20942
0,0.169944
0,0.321164
0,0.020593
0,0.014209
0,0.000112
1,0.999868
0,0.009176
0,0.034804
0,0.072493
0,0.021852
0,0.070093
0,0.334023
0,0.000106
0,0.081015
0,0.077566
0,0.164701
0,0.00104
0,0.120319
0,0.047133
0,0.036927
0,0.0064
0,0.073099
0,0.012325
0,0.025994
0,0.099148
0,6.2e-05
0,0.005646
0,0.010224
0,0.008153
0,0.069513
0,0.401027
0,0.000226
0,0.003141
0,0.024172
0,0.022255
0,0.165863
0,0.015419
0,0.001017
0,0.198043
0,0.164521
0,0.00149
0,0.108583
0,0.021808
0,0.1169
0,0.000713
0,0.00328
0,0.001118
0,0.153688
0,0.010105
0,0.063911
0,4.8e-05
0,0.14395
0,0.006246
0,0.020394
0,0.136907
0,1e-06
0,0.001541
1,0.855884
1,0.999254
0,0.007491
0,0.07627
0,0.004855
0,0.002617
0,0.099516
0,0.029456
0,0.098711
0,0.06266
0,0.101834
0,0.006181
1,0.936819
0,0.08452
0,0.353206
0,0.13385
0,0.039938
0,0.058295
0,9.7e-05
0,0.000705
0,0.174238
0,0.302964
0,0.004951
0,0.003431
0,0.012954
0,0.03079
0,0.008865
0,0.14273
0,0.014694
0,0.011776
0,0.036834
0,0.124486
0,0.005244
0,0.001826
0,0.039741
0,0.003144
1,0.98993
0,0.001162
0,0.061351
0,0.017375
0,0.032155
0,0.002676
1,0.991366
1,0.998011
0,0.081866
0,0.022488
0,0.007149
0,0.025795
0,0.148598
0,0.006282
0,0.05855
0,0.060524
0,0.141153
0,0.004719
0,0.057537
0,0.018012
0,0.026518
0,0.001958
0,0.098581
0,0.001445
0,0.15489
0,0.331033
0,0.00352
0,0.000261
1,0.961358
1,0.999448
0,0.131981
0,0.018456
0,0.011945
0,0.175307
0,0.024934
1,0.999927
0,0.004462
0,0.006558
0,0.017878
0,0.044968
0,0.006686
0,0.001055
0,0.000818
1,0.997236
0,0.005338
0,0.005518
0,0.000874
0,0.365946
0,0.253513
1,0.957485
0,0.046835
0,0.012426
0,0.09286
0,0.041567
1,0.994023
0,0.003376
0,0.102322
0,0.079515
0,0.217288
0,0.008619
0,0.054665
0,0.023155
0,0.189359
0,0.01066
0,0.005401
0,0.07222
1,0.946098
0,0.010407
1,0.967055
0,0.012645
0,0.017256
0,0.007698
0,0.116836
0,0.279462
0,0.043804
1,0.92531
0,0.216
0,0.017692
0,0.061193
0,0.009651
0,0.05675
0,0.15936
0,0.002697
0,0.031996
0,0.034674
0,0.000622
1,0.941042
0,0.003482
0,0.116271
0,0.287791
0,0.001249
0,0.168046
0,0.266342
0,0.417802
0,0.065755
0,0.070889
0,0.005979
0,0.085625
0,0.003911
0,0.125612
0,0.047742
0,0.056314
0,0.135746
0,0.046249
0,0.015719
0,0.024312
0,0.162801
0,0.005886
0,0.100788
0,0.004837
1,0.985875
0,0.02325
0,0.050804
0,0.059938
0,0.020304
0,0.093163
0,0.069012
0,0.010339
0,0.021458
0,0.012275
0,0.019419
0,0.012483
0,0.709419
0,0.175515
0,0.054461
0,0.060582
0,0.032201
0,0.190824
0,0.00157
0,0.174585
0,0.374913
0,0.277827
0,0.13815
0,0.038796
0,0.085954
0,0.004387
0,0.161656
0,0.001077
0,0.148164
0,0.008721
1,0.999896
0,0.100227
0,0.000799
0,0.001722
0,0.059782
0,0.000335
0,0.012071
0,0.000801
0,0.096536
0,0.006533
0,0.234792
0,0.046821
0,0.141512
0,0.033844
0,0.050241
0,0.003959
0,0.030594
0,0.176497
